P1D, Name, DOB, Gender, Blood Group, Email, Phone number
P1001,Alice Brown,1980-05-14,Female,A+,alice.brown@example.com,93326577
P1002,Bob Stone,1975-11-22,Male,B+,bob.stone@example.com,88245201
P1003,Ash,2001-11-02,Malwe,O,ash@gmail.com,99292929
P1004,Vishesh,1999-09-01,Male,O+,vish@gmail.com,99999999
P1005,Ashwin,1999-11-01,Male,O+,ashwin@gmail.com,99999999
P1006,Arun,1999-11-01,Male,O+,arun@gmail.com,99999999
P1007,Preet,2005-03-17,Male,O+,prett@gmail.com,4564565
P1008,Suraj,2005-11-12,Male,A+,suraj@gmail.com,67895476
P1009,Vishesh,2005-03-17,male,b+,visheh@gmail.com,80874296
